tamanho_mb,clientes,repeticao,peer,pedacos_do_semeador,total_pedacos
5,1,1,e368b6d188dd,20,20
5,2,1,e08b9d5c1f4f,17,20
5,2,1,1d2915b74fee,20,20
5,4,1,d8cc7ccfdc15,15,20
5,4,1,7ea8b6744854,11,20
5,4,1,d51a615ad85d,12,20
5,4,1,dda22a6785d8,13,20
5,8,1,766aac164cc6,6,20
5,8,1,a6d1be064735,8,20
5,8,1,9917b1329fe9,7,20
5,8,1,284b5abd5654,6,20
5,8,1,1c4f145854b4,6,20
5,8,1,b875b6ea8e28,5,20
5,8,1,a321ffbc3c52,6,20
5,8,1,1dfb5b4b5fa3,7,20
50,1,1,bbf1fa5c34f1,200,200
50,2,1,dbaa71691235,111,200
50,2,1,fb91f23b025e,110,200
50,4,1,4a990eb027da,61,200
50,4,1,7d2f8ed0afd4,57,200
50,4,1,95627e94f2f4,58,200
50,4,1,be1b8bc3d579,57,200
50,8,1,34086c2e4d87,32,200
50,8,1,092ea6d0f4de,30,200
50,8,1,e94d5c1d7668,32,200
50,8,1,f1e4e56f63c4,30,200
50,8,1,b2abb25ec7f5,30,200
50,8,1,5e054e375ff3,31,200
50,8,1,07d4a9a1e909,30,200
50,8,1,f11e67da0cef,31,200
500,1,1,121bc6365949,2000,2000
500,2,1,924572c2a8db,1006,2000
500,2,1,a805412eca63,1012,2000
500,4,1,f0e64f57856f,515,2000
500,4,1,cbb945ffd85a,513,2000
500,4,1,84ddb0b517b2,503,2000
500,4,1,c6a3193b5edc,505,2000
500,8,1,04e722bd69b8,264,2000
500,8,1,682e449ab069,272,2000
500,8,1,6d5615c41049,280,2000
500,8,1,a3b3338ae88a,249,2000
500,8,1,bbd80cf14082,276,2000
500,8,1,99df5ced7ff5,272,2000
500,8,1,2649d9b19c40,249,2000
500,8,1,c394563685fb,237,2000
5,1,2,4046cbd6be32,20,20
5,2,2,81c3dafb20d7,15,20
5,2,2,7e3bf71bb808,20,20
5,4,2,8d611e8757cd,8,20
5,4,2,0cef1b320b7a,14,20
5,4,2,39b07f0b75ef,14,20
5,4,2,1830881bdfea,11,20
5,8,2,066ddb9abc91,7,20
5,8,2,af8c21c1171e,7,20
5,8,2,20d00fa452e6,7,20
5,8,2,dcf3b340402c,7,20
5,8,2,b7fe6f850450,6,20
5,8,2,58a7e04bc90d,6,20
5,8,2,0912990463ac,7,20
5,8,2,dd79a17fef7b,7,20
50,1,2,2b49d7176336,200,200
50,2,2,fd6601fe73d7,103,200
50,2,2,2a4d6f66b8d2,111,200
50,4,2,a5a2d757ef11,53,200
50,4,2,fc0d4d574fc6,55,200
50,4,2,7c22c0556ab5,58,200
50,4,2,f922ee4c1c3a,59,200
50,8,2,aa255008e66f,30,200
50,8,2,7be8a382ccef,32,200
50,8,2,42bff7fc7fbe,31,200
50,8,2,e1c7d5b43260,32,200
50,8,2,039f97bf0d50,31,200
50,8,2,2a0f8cc86c02,31,200
50,8,2,93c4592920ac,31,200
50,8,2,62c24956176e,31,200
500,1,2,5fcf14664175,2000,2000
500,2,2,2bf00757b49a,986,2000
500,2,2,68910530130a,1035,2000
500,4,2,da470980ccf9,539,2000
500,4,2,a6d3981b78ee,531,2000
500,4,2,74707788ab53,527,2000
500,4,2,57813a1a8451,455,2000
500,8,2,188adb73ef24,223,2000
500,8,2,9b36ba3d722e,279,2000
500,8,2,972113f177c9,235,2000
500,8,2,d5b38edfa2d2,220,2000
500,8,2,62d6ecdc2960,289,2000
500,8,2,fe48e9a675a0,267,2000
500,8,2,c60ab7f1cc24,263,2000
500,8,2,a854b9231f07,274,2000
5,1,3,be2409754bf2,20,20
5,2,3,ad411fdbad99,12,20
5,2,3,72aa930c2197,20,20
5,4,3,ca70b44188d4,14,20
5,4,3,a620f7e8337a,15,20
5,4,3,06bc95582f40,9,20
5,4,3,d3bb3fc76567,10,20
5,8,3,81847cabad91,7,20
5,8,3,0cded7a5a4cc,7,20
5,8,3,db8722be0979,7,20
5,8,3,be3dc498edda,6,20
5,8,3,5ad042000369,7,20
5,8,3,8ac8b239a331,7,20
5,8,3,ab3d9aa15d63,6,20
5,8,3,f462f3732ee1,7,20
50,1,3,fafbacc81cf8,200,200
50,2,3,71003a9db7e0,106,200
50,2,3,5ad65d8bfb0d,110,200
50,4,3,83d03b21ce01,58,200
50,4,3,fdd29a03e2f0,53,200
50,4,3,30fab4c6eb41,57,200
50,4,3,96ce42d21422,56,200
50,8,3,67e1d97e5dff,32,200
50,8,3,33768ff0565d,32,200
50,8,3,6811f8fc5faa,31,200
50,8,3,470e0ee01cb2,33,200
50,8,3,7d84a9c7b874,33,200
50,8,3,0709f72fb477,32,200
50,8,3,0e5a3fd05b04,32,200
50,8,3,0ee8ebdf07d9,32,200
500,1,3,9da649d6812d,2000,2000
500,2,3,43635e17e918,994,2000
500,2,3,822f55cd28a3,1026,2000
500,4,3,e4d4f158ae23,516,2000
500,4,3,0a518a984d61,512,2000
500,4,3,7274d52a9314,504,2000
500,4,3,154e0678eb6d,505,2000
500,8,3,e745311cfb4e,228,2000
500,8,3,1686c64ae6c7,363,2000
500,8,3,a79bfe6bd92d,276,2000
500,8,3,4b75412fe135,235,2000
500,8,3,a8519d934793,266,2000
500,8,3,623df52d60e2,309,2000
500,8,3,73976a9ea5c9,303,2000
500,8,3,b37abc785aff,206,2000
