arquitetura,tamanho_mb,clientes,amostras,minimo_s,medio_s,maximo_s
Sequencial,5,1,3,0.459,0.471,0.485
Threads,5,1,3,0.45,0.451,0.452
Pool,5,1,3,0.46,0.461,0.462
P2P,5,1,3,0.546,0.552,0.559
Sequencial,5,2,6,0.442,0.66,0.884
Threads,5,2,6,0.859,0.871,0.884
Pool,5,2,6,0.859,0.869,0.884
P2P,5,2,6,0.668,0.729,0.82
Sequencial,5,4,12,0.45,1.08,1.708
Threads,5,4,12,1.693,1.703,1.715
Pool,5,4,12,0.86,1.285,1.712
P2P,5,4,12,0.706,0.976,1.138
Sequencial,5,8,24,0.455,1.928,3.401
Threads,5,8,24,3.362,3.384,3.407
Pool,5,8,24,0.876,2.14,3.406
P2P,5,8,24,1.016,1.163,1.292
Sequencial,50,1,3,4.223,4.23,4.236
Threads,50,1,3,4.222,4.225,4.229
Pool,50,1,3,4.217,4.224,4.231
P2P,50,1,3,4.236,4.302,4.398
Sequencial,50,2,6,4.22,6.322,8.427
Threads,50,2,6,8.406,8.416,8.433
Pool,50,2,6,8.411,8.418,8.434
P2P,50,2,6,4.509,4.586,4.677
Sequencial,50,4,12,4.222,10.527,16.839
Threads,50,4,12,16.778,16.8,16.812
Pool,50,4,12,8.416,12.628,16.838
P2P,50,4,12,4.668,4.8,4.947
Sequencial,50,8,24,4.229,18.925,33.638
Threads,50,8,24,33.52,33.588,33.644
Pool,50,8,24,8.417,21.012,33.608
P2P,50,8,24,5.19,5.322,5.486
Sequencial,500,1,3,41.967,41.972,41.979
Threads,500,1,3,41.966,41.971,41.974
Pool,500,1,3,41.968,41.973,41.979
P2P,500,1,3,42.112,42.243,42.451
Sequencial,500,2,6,41.964,62.941,83.923
Threads,500,2,6,83.904,83.91,83.917
Pool,500,2,6,83.894,83.911,83.917
P2P,500,2,6,47.167,51.408,55.23
Sequencial,500,4,12,41.98,104.907,167.838
Threads,500,4,12,167.817,167.824,167.832
Pool,500,4,12,83.939,125.889,167.846
P2P,500,4,12,53.241,69.178,77.697
Sequencial,500,8,24,41.999,188.8,335.616
Threads,500,8,24,335.555,335.589,335.628
Pool,500,8,24,83.95,209.782,335.616
P2P,500,8,24,151.871,167.408,181.313
