arquitetura,tamanho_mb,clientes,repeticao,no,tempo_s
Sequencial,5,1,1,8108154d7e2b,0.485
Threads,5,1,1,935a4b876e4b,0.451
Pool,5,1,1,8079c1b17205,0.461
P2P,5,1,1,e368b6d188dd,0.559
Sequencial,5,2,1,61601bcfbc27,0.464
Sequencial,5,2,1,979ca097d4e3,0.884
Threads,5,2,1,252a637127fa,0.879
Threads,5,2,1,f6f6f299a245,0.884
Pool,5,2,1,ed2c7791727c,0.878
Pool,5,2,1,74bac2af0771,0.884
P2P,5,2,1,e08b9d5c1f4f,0.669
P2P,5,2,1,1d2915b74fee,0.817
Sequencial,5,4,1,ffa331d4d644,0.454
Sequencial,5,4,1,7eef318f7d12,0.877
Sequencial,5,4,1,4ad1d2a5e8b5,1.292
Sequencial,5,4,1,032df86f90aa,1.708
Threads,5,4,1,62040660268f,1.694
Threads,5,4,1,25615687c653,1.706
Threads,5,4,1,50c34be8aa81,1.702
Threads,5,4,1,c8d21257d001,1.709
Pool,5,4,1,f27034461e3e,0.860
Pool,5,4,1,c302c013ea07,0.860
Pool,5,4,1,4f6c3c123b4c,1.689
Pool,5,4,1,ee03f378ed11,1.684
P2P,5,4,1,d8cc7ccfdc15,1.124
P2P,5,4,1,7ea8b6744854,0.974
P2P,5,4,1,d51a615ad85d,1.104
P2P,5,4,1,dda22a6785d8,1.112
Sequencial,5,8,1,a50881ba1765,0.455
Sequencial,5,8,1,328eba9bfbea,0.876
Sequencial,5,8,1,0cc3ebd8323a,1.289
Sequencial,5,8,1,0cf5dc4c469d,1.713
Sequencial,5,8,1,14bc5e229624,2.134
Sequencial,5,8,1,198504a1eca2,2.548
Sequencial,5,8,1,33e9ce8e62f9,2.969
Sequencial,5,8,1,73cd8d5a095e,3.386
Threads,5,8,1,45fade1f2bed,3.365
Threads,5,8,1,1bf578c0c313,3.374
Threads,5,8,1,7dbb2b045f3a,3.374
Threads,5,8,1,771385d2ce7c,3.381
Threads,5,8,1,423a0a736472,3.386
Threads,5,8,1,36fde88240eb,3.391
Threads,5,8,1,d0c92ad2a698,3.400
Threads,5,8,1,5bebc648e01b,3.401
Pool,5,8,1,b5d6ba736485,0.881
Pool,5,8,1,9abd38c99cb6,0.892
Pool,5,8,1,211c4624aff0,1.724
Pool,5,8,1,76ff1468f716,1.734
Pool,5,8,1,841bc4303f93,2.564
Pool,5,8,1,48121901bc40,2.567
Pool,5,8,1,16ed288a6031,3.401
Pool,5,8,1,4d44baa4bedb,3.406
P2P,5,8,1,1c4f145854b4,1.056
P2P,5,8,1,766aac164cc6,1.159
P2P,5,8,1,a6d1be064735,1.233
P2P,5,8,1,9917b1329fe9,1.169
P2P,5,8,1,284b5abd5654,1.095
P2P,5,8,1,b875b6ea8e28,1.016
P2P,5,8,1,a321ffbc3c52,1.163
P2P,5,8,1,1dfb5b4b5fa3,1.143
Sequencial,50,1,1,67a0f63028c9,4.223
Threads,50,1,1,a59fff6ef299,4.229
Pool,50,1,1,1d500225c0db,4.225
P2P,50,1,1,bbf1fa5c34f1,4.398
Sequencial,50,2,1,78a346803ede,4.227
Sequencial,50,2,1,d5de75a500db,8.410
Threads,50,2,1,740818ee2eb0,8.406
Threads,50,2,1,701ab230801b,8.411
Pool,50,2,1,12a215cabee6,8.411
Pool,50,2,1,d12571365bfe,8.415
P2P,50,2,1,dbaa71691235,4.672
P2P,50,2,1,fb91f23b025e,4.677
Sequencial,50,4,1,6beb5990ba25,4.222
Sequencial,50,4,1,5a8a42a53bf5,8.416
Sequencial,50,4,1,ff5ea2c182da,12.612
Sequencial,50,4,1,6ba6e0719616,16.803
Threads,50,4,1,079d84d3d948,16.778
Threads,50,4,1,11779c3bcb7d,16.795
Threads,50,4,1,36e18438e368,16.800
Threads,50,4,1,8aeca2af7183,16.810
Pool,50,4,1,48889987d776,8.444
Pool,50,4,1,2434eab4551c,8.450
Pool,50,4,1,a89b6dfd5ecf,16.833
Pool,50,4,1,c174e79b7161,16.838
P2P,50,4,1,4a990eb027da,4.935
P2P,50,4,1,7d2f8ed0afd4,4.937
P2P,50,4,1,95627e94f2f4,4.947
P2P,50,4,1,be1b8bc3d579,4.930
Sequencial,50,8,1,8dac37eebdfb,4.276
Sequencial,50,8,1,152a8609b5c4,8.472
Sequencial,50,8,1,7d433cb190e7,12.665
Sequencial,50,8,1,690a8eb76ce4,16.853
Sequencial,50,8,1,144860c2f845,21.055
Sequencial,50,8,1,8c8ddfd2671c,25.249
Sequencial,50,8,1,55fbea7afbaf,29.442
Sequencial,50,8,1,3a32e47db47e,33.638
Threads,50,8,1,70c25266412f,33.593
Threads,50,8,1,58dd12b1a0d8,33.598
Threads,50,8,1,a523a43175db,33.598
Threads,50,8,1,fc88fa72ebfb,33.608
Threads,50,8,1,d3ceb0318a15,33.613
Threads,50,8,1,c8989c10e1dc,33.618
Threads,50,8,1,e2a555b92902,33.627
Threads,50,8,1,aa4b8d26f5f9,33.644
Pool,50,8,1,81089f5309e8,8.433
Pool,50,8,1,e7455ee2c756,8.437
Pool,50,8,1,18290583dc0d,16.819
Pool,50,8,1,5c4e2021079f,16.812
Pool,50,8,1,9d351f9f6a76,25.208
Pool,50,8,1,52cd6a4191b8,25.211
Pool,50,8,1,6a2391e14d25,33.583
Pool,50,8,1,fbef22673612,33.603
P2P,50,8,1,34086c2e4d87,5.273
P2P,50,8,1,092ea6d0f4de,5.304
P2P,50,8,1,e94d5c1d7668,5.269
P2P,50,8,1,f1e4e56f63c4,5.289
P2P,50,8,1,b2abb25ec7f5,5.292
P2P,50,8,1,5e054e375ff3,5.267
P2P,50,8,1,07d4a9a1e909,5.257
P2P,50,8,1,f11e67da0cef,5.190
Sequencial,500,1,1,54b31f87f448,41.967
Threads,500,1,1,ea7974324a73,41.972
Pool,500,1,1,1e841032899c,41.979
P2P,500,1,1,121bc6365949,42.451
Sequencial,500,2,1,211879075fb9,41.965
Sequencial,500,2,1,3aaaaa42df67,83.910
Threads,500,2,1,e0de55f3d09f,83.904
Threads,500,2,1,379abedb5fe3,83.914
Pool,500,2,1,a385cb093ba5,83.916
Pool,500,2,1,ce01bd2f054d,83.917
P2P,500,2,1,924572c2a8db,47.182
P2P,500,2,1,a805412eca63,47.167
Sequencial,500,4,1,b0aa9d9c7631,41.980
Sequencial,500,4,1,24ba1ba50eeb,83.924
Sequencial,500,4,1,077ca5778c5c,125.868
Sequencial,500,4,1,a12d89c8d15d,167.819
Threads,500,4,1,9ed78b5f1180,167.820
Threads,500,4,1,8a3686da077f,167.817
Threads,500,4,1,9de70f0ba8eb,167.825
Threads,500,4,1,81515f1f1830,167.829
Pool,500,4,1,8428f33b7720,83.942
Pool,500,4,1,48ff5a467e70,83.959
Pool,500,4,1,5fdefdc09956,167.824
Pool,500,4,1,a90bd03c1108,167.839
P2P,500,4,1,f0e64f57856f,53.271
P2P,500,4,1,cbb945ffd85a,53.292
P2P,500,4,1,84ddb0b517b2,53.241
P2P,500,4,1,c6a3193b5edc,53.337
Sequencial,500,8,1,ed14e7b4d71e,41.999
Sequencial,500,8,1,514500b351a6,83.929
Sequencial,500,8,1,5afdaaded118,125.873
Sequencial,500,8,1,3bc284fa9e24,167.822
Sequencial,500,8,1,d5a7bc13d6df,209.763
Sequencial,500,8,1,dda8a32af4e2,251.704
Sequencial,500,8,1,404bece34d56,293.647
Sequencial,500,8,1,964e58422b45,335.591
Threads,500,8,1,2e8c6b4a9592,335.601
Threads,500,8,1,02bc47a373a1,335.594
Threads,500,8,1,9fd0ede2674d,335.593
Threads,500,8,1,3bef1e4f5f49,335.609
Threads,500,8,1,d28f59348db5,335.614
Threads,500,8,1,08306a4a2402,335.615
Threads,500,8,1,51263beed4c3,335.621
Threads,500,8,1,007d2ee3bd71,335.628
Pool,500,8,1,c23fd1614e66,83.953
Pool,500,8,1,ca111d87d614,83.956
Pool,500,8,1,a158f7cd0d3a,167.843
Pool,500,8,1,9eaae5c877d6,167.844
Pool,500,8,1,7b0e3d6861c5,251.724
Pool,500,8,1,14f258f174f1,251.725
Pool,500,8,1,b0d753f2640f,335.600
Pool,500,8,1,914e59ed4cb9,335.615
P2P,500,8,1,6d5615c41049,151.925
P2P,500,8,1,04e722bd69b8,152.063
P2P,500,8,1,682e449ab069,151.871
P2P,500,8,1,a3b3338ae88a,151.920
P2P,500,8,1,bbd80cf14082,151.925
P2P,500,8,1,99df5ced7ff5,151.907
P2P,500,8,1,2649d9b19c40,151.879
P2P,500,8,1,c394563685fb,151.933
Sequencial,5,1,2,5bf7bebf9835,0.468
Threads,5,1,2,2277aecde3d5,0.452
Pool,5,1,2,26e60d2fe125,0.462
P2P,5,1,2,4046cbd6be32,0.546
Sequencial,5,2,2,f98accc25281,0.442
Sequencial,5,2,2,a4b4a6f6aa54,0.860
Threads,5,2,2,c668bbe1f21d,0.869
Threads,5,2,2,6e292a7b03a0,0.859
Pool,5,2,2,3db6d79da511,0.859
Pool,5,2,2,895adc6d0d96,0.862
P2P,5,2,2,81c3dafb20d7,0.668
P2P,5,2,2,7e3bf71bb808,0.820
Sequencial,5,4,2,f523cac85ff1,0.451
Sequencial,5,4,2,8566ad8a4a38,0.868
Sequencial,5,4,2,c11f08fff034,1.288
Sequencial,5,4,2,380711d69f42,1.705
Threads,5,4,2,41d64a480396,1.699
Threads,5,4,2,2faf152dfde0,1.701
Threads,5,4,2,cee81a4b1247,1.707
Threads,5,4,2,f3b76bc8552c,1.715
Pool,5,4,2,ce61bc9f8503,0.868
Pool,5,4,2,3bb5c1fa318b,0.877
Pool,5,4,2,f5e4e59b5297,1.712
Pool,5,4,2,1e59b3ac3ef3,1.707
P2P,5,4,2,8d611e8757cd,0.786
P2P,5,4,2,0cef1b320b7a,1.138
P2P,5,4,2,39b07f0b75ef,0.997
P2P,5,4,2,1830881bdfea,0.906
Sequencial,5,8,2,5a868e98efae,0.466
Sequencial,5,8,2,b3d002c992a4,0.880
Sequencial,5,8,2,4cb2eaf2adcf,1.307
Sequencial,5,8,2,6d4a412ad215,1.723
Sequencial,5,8,2,a58e4319c63e,2.146
Sequencial,5,8,2,1d7ccf6e39af,2.561
Sequencial,5,8,2,349ffd0a67ff,2.986
Sequencial,5,8,2,68c01761e05e,3.401
Threads,5,8,2,4fedb9e2bfae,3.372
Threads,5,8,2,819e128f9031,3.380
Threads,5,8,2,ccf3d52ab1b5,3.382
Threads,5,8,2,f3af3b8d28fa,3.385
Threads,5,8,2,f130fe182980,3.390
Threads,5,8,2,b69ef7f2a7b9,3.396
Threads,5,8,2,e2fd561bb0d6,3.404
Threads,5,8,2,743833e6a3d9,3.407
Pool,5,8,2,a203479ae26f,0.876
Pool,5,8,2,e6611275c091,0.878
Pool,5,8,2,56e5eabe0b31,1.714
Pool,5,8,2,7451cec056b7,1.723
Pool,5,8,2,3d99894ebffb,2.550
Pool,5,8,2,bc33e542ba94,2.557
Pool,5,8,2,df5d79b933da,3.388
Pool,5,8,2,2f69317ccdd6,3.403
P2P,5,8,2,066ddb9abc91,1.286
P2P,5,8,2,af8c21c1171e,1.292
P2P,5,8,2,20d00fa452e6,1.181
P2P,5,8,2,dcf3b340402c,1.210
P2P,5,8,2,b7fe6f850450,1.191
P2P,5,8,2,58a7e04bc90d,1.030
P2P,5,8,2,0912990463ac,1.235
P2P,5,8,2,dd79a17fef7b,1.223
Sequencial,50,1,2,a23a27d5add2,4.236
Threads,50,1,2,9fa4ed2f70b4,4.224
Pool,50,1,2,e9d46d973073,4.217
P2P,50,1,2,2b49d7176336,4.236
Sequencial,50,2,2,951583a77569,4.236
Sequencial,50,2,2,0683e601f30a,8.427
Threads,50,2,2,cd6f2333cd92,8.427
Threads,50,2,2,2e9895a8bde9,8.433
Pool,50,2,2,67d2ee2650ff,8.428
Pool,50,2,2,a11f767d93dd,8.434
P2P,50,2,2,fd6601fe73d7,4.509
P2P,50,2,2,2a4d6f66b8d2,4.532
Sequencial,50,4,2,86ab48c1f7ca,4.258
Sequencial,50,4,2,f030302762b4,8.450
Sequencial,50,4,2,756ed7a2c85f,12.644
Sequencial,50,4,2,9aaadc0a8008,16.839
Threads,50,4,2,b1f998f6ce27,16.795
Threads,50,4,2,334245ceee7f,16.801
Threads,50,4,2,2bd22a423bb0,16.805
Threads,50,4,2,658564d2ad71,16.812
Pool,50,4,2,fcd49950b553,8.435
Pool,50,4,2,c8cbae494100,8.440
Pool,50,4,2,c11813061ef1,16.823
Pool,50,4,2,12ce9ec057d3,16.829
P2P,50,4,2,a5a2d757ef11,4.774
P2P,50,4,2,fc0d4d574fc6,4.755
P2P,50,4,2,7c22c0556ab5,4.727
P2P,50,4,2,f922ee4c1c3a,4.763
Sequencial,50,8,2,bc3d68cff6cf,4.231
Sequencial,50,8,2,75b82a043884,8.426
Sequencial,50,8,2,235a7c5d0728,12.614
Sequencial,50,8,2,14d655ceaab6,16.807
Sequencial,50,8,2,f341f2b7e032,21.008
Sequencial,50,8,2,ce76ddb4d0cc,25.204
Sequencial,50,8,2,fc3a8fbc40aa,29.394
Sequencial,50,8,2,dd4cbeb287db,33.592
Threads,50,8,2,012eaf350b54,33.565
Threads,50,8,2,47be64e51ee1,33.567
Threads,50,8,2,8bcd01d3261b,33.572
Threads,50,8,2,4819322b3c1c,33.580
Threads,50,8,2,f3a32d2f2147,33.590
Threads,50,8,2,970db437ca34,33.599
Threads,50,8,2,d64a19271b57,33.593
Threads,50,8,2,7f621c3bddb0,33.604
Pool,50,8,2,96765e4985dd,8.440
Pool,50,8,2,fce9a408ab12,8.435
Pool,50,8,2,d495a6c7e303,16.817
Pool,50,8,2,741530fce560,16.826
Pool,50,8,2,dce1ae09aa99,25.208
Pool,50,8,2,6ece5d3bcfcc,25.210
Pool,50,8,2,bf91d84aae20,33.590
Pool,50,8,2,e6b49a022f87,33.608
P2P,50,8,2,aa255008e66f,5.217
P2P,50,8,2,7be8a382ccef,5.268
P2P,50,8,2,42bff7fc7fbe,5.278
P2P,50,8,2,e1c7d5b43260,5.265
P2P,50,8,2,039f97bf0d50,5.294
P2P,50,8,2,2a0f8cc86c02,5.305
P2P,50,8,2,93c4592920ac,5.192
P2P,50,8,2,62c24956176e,5.298
Sequencial,500,1,2,fba733fb4f5f,41.979
Threads,500,1,2,efdf77fcc10f,41.966
Pool,500,1,2,5de64ee8ee9d,41.968
P2P,500,1,2,5fcf14664175,42.112
Sequencial,500,2,2,1ed51afc8425,41.964
Sequencial,500,2,2,43f0226f01ad,83.907
Threads,500,2,2,ed32a565b51c,83.909
Threads,500,2,2,75079c0f926a,83.914
Pool,500,2,2,71f05655e401,83.915
Pool,500,2,2,74fa2074de43,83.917
P2P,500,2,2,2bf00757b49a,51.837
P2P,500,2,2,68910530130a,51.812
Sequencial,500,4,2,9f167ebe3a9a,42.005
Sequencial,500,4,2,b1e169ca2b58,83.948
Sequencial,500,4,2,5523a81ff38d,125.890
Sequencial,500,4,2,164fe572a1b8,167.838
Threads,500,4,2,d6ca05268581,167.821
Threads,500,4,2,503a952556b7,167.825
Threads,500,4,2,76cabd7aadf5,167.821
Threads,500,4,2,9ee1b204fea5,167.832
Pool,500,4,2,bdd563fd6068,83.939
Pool,500,4,2,16598696886f,83.940
Pool,500,4,2,f9862416c76d,167.809
Pool,500,4,2,25eae054e36d,167.825
P2P,500,4,2,da470980ccf9,77.697
P2P,500,4,2,a6d3981b78ee,77.675
P2P,500,4,2,74707788ab53,77.650
P2P,500,4,2,57813a1a8451,77.691
Sequencial,500,8,2,77d68ba30365,42.012
Sequencial,500,8,2,8b87e8a7803d,83.954
Sequencial,500,8,2,3045252b6e6c,125.897
Sequencial,500,8,2,c91297a74739,167.838
Sequencial,500,8,2,a6c71058226c,209.788
Sequencial,500,8,2,74141fc1b5dd,251.726
Sequencial,500,8,2,328898dfc09a,293.669
Sequencial,500,8,2,6b1a8a5bf975,335.616
Threads,500,8,2,3ef0cbc5ba1b,335.572
Threads,500,8,2,d89891a03ae7,335.573
Threads,500,8,2,615198fe7a91,335.572
Threads,500,8,2,4d1110329294,335.581
Threads,500,8,2,fe87438ff626,335.586
Threads,500,8,2,d3d417f3f8f2,335.585
Threads,500,8,2,b35d8dc6bd25,335.598
Threads,500,8,2,f8b2a4179485,335.600
Pool,500,8,2,904e8c5fde47,83.950
Pool,500,8,2,4c5dd237ef85,83.966
Pool,500,8,2,5584293c358b,167.846
Pool,500,8,2,0abeca4b0eb5,167.845
Pool,500,8,2,1e45acfc7235,251.719
Pool,500,8,2,37ae2ced5144,251.737
Pool,500,8,2,0b002028004d,335.615
Pool,500,8,2,2ba283b0241a,335.616
P2P,500,8,2,188adb73ef24,181.312
P2P,500,8,2,9b36ba3d722e,181.256
P2P,500,8,2,972113f177c9,181.289
P2P,500,8,2,d5b38edfa2d2,181.141
P2P,500,8,2,62d6ecdc2960,181.293
P2P,500,8,2,fe48e9a675a0,181.261
P2P,500,8,2,c60ab7f1cc24,181.313
P2P,500,8,2,a854b9231f07,181.296
Sequencial,5,1,3,98f77ac1450d,0.459
Threads,5,1,3,08b6e70e4cc8,0.450
Pool,5,1,3,f93fe9c78567,0.460
P2P,5,1,3,be2409754bf2,0.552
Sequencial,5,2,3,4a9b090ac184,0.447
Sequencial,5,2,3,3f4fc0a332a2,0.863
Threads,5,2,3,75e67d3ad766,0.863
Threads,5,2,3,ac45c3974502,0.869
Pool,5,2,3,3b02b67fa235,0.863
Pool,5,2,3,52393935fbca,0.869
P2P,5,2,3,ad411fdbad99,0.720
P2P,5,2,3,72aa930c2197,0.681
Sequencial,5,4,3,797ec089e8f8,0.450
Sequencial,5,4,3,d0ad35f95fad,0.873
Sequencial,5,4,3,49fddc9b83f9,1.287
Sequencial,5,4,3,85ce554e7e78,1.703
Threads,5,4,3,e4cbe4c06b26,1.693
Threads,5,4,3,7dad5c031e07,1.699
Threads,5,4,3,7fbe0fd87ad0,1.705
Threads,5,4,3,6d0362452ce2,1.708
Pool,5,4,3,cfc1e163eeee,0.867
Pool,5,4,3,686115de2d4d,0.884
Pool,5,4,3,bfb4a8b790ec,1.705
Pool,5,4,3,f6a0c885aae5,1.712
P2P,5,4,3,ca70b44188d4,0.949
P2P,5,4,3,a620f7e8337a,1.096
P2P,5,4,3,06bc95582f40,0.706
P2P,5,4,3,d3bb3fc76567,0.825
Sequencial,5,8,3,c7ab2b3f83bc,0.466
Sequencial,5,8,3,a57d1cd812cc,0.882
Sequencial,5,8,3,22ba765a791a,1.297
Sequencial,5,8,3,2cf5bddbe01e,1.719
Sequencial,5,8,3,8ac1fdff4612,2.141
Sequencial,5,8,3,ec76de1abd6c,2.556
Sequencial,5,8,3,ff04eed6691e,2.977
Sequencial,5,8,3,8c410a1796c0,3.397
Threads,5,8,3,1df191482d10,3.362
Threads,5,8,3,e23cfe6896f9,3.370
Threads,5,8,3,128824475e8b,3.378
Threads,5,8,3,48d45182b714,3.372
Threads,5,8,3,00ade6517de3,3.378
Threads,5,8,3,98c7ea182954,3.381
Threads,5,8,3,c1ff026bf769,3.390
Threads,5,8,3,64e3348c085a,3.405
Pool,5,8,3,f88ee5540be6,0.877
Pool,5,8,3,8c96e0044ffb,0.891
Pool,5,8,3,4a05fb257336,1.711
Pool,5,8,3,6e36d3f12b80,1.728
Pool,5,8,3,ecc7c899dc3c,2.548
Pool,5,8,3,85afb35ae6cd,2.573
Pool,5,8,3,4098e3802208,3.383
Pool,5,8,3,14fb57433fef,3.397
P2P,5,8,3,81847cabad91,1.199
P2P,5,8,3,0cded7a5a4cc,1.161
P2P,5,8,3,db8722be0979,1.143
P2P,5,8,3,5ad042000369,1.127
P2P,5,8,3,be3dc498edda,1.170
P2P,5,8,3,8ac8b239a331,1.154
P2P,5,8,3,ab3d9aa15d63,1.093
P2P,5,8,3,f462f3732ee1,1.194
Sequencial,50,1,3,46a726e36ee6,4.232
Threads,50,1,3,7e9dd8f7494e,4.222
Pool,50,1,3,3b5030bf7a23,4.231
P2P,50,1,3,fafbacc81cf8,4.271
Sequencial,50,2,3,e1d16ffd6b0b,4.220
Sequencial,50,2,3,f77b3c1c9676,8.411
Threads,50,2,3,2c10b5cb088a,8.407
Threads,50,2,3,8341a0ce6995,8.412
Pool,50,2,3,b7f2a0015eca,8.411
Pool,50,2,3,6beaa5dd9260,8.411
P2P,50,2,3,71003a9db7e0,4.558
P2P,50,2,3,5ad65d8bfb0d,4.567
Sequencial,50,4,3,4d16a1cfe01b,4.228
Sequencial,50,4,3,3cd9f4fcf98e,8.425
Sequencial,50,4,3,66e4a1756f83,12.613
Sequencial,50,4,3,d4e05e2d3a33,16.811
Threads,50,4,3,292d9149a0fc,16.792
Threads,50,4,3,dc5f770b3bfd,16.801
Threads,50,4,3,a9568c86f0a0,16.802
Threads,50,4,3,0d114c7d556f,16.808
Pool,50,4,3,68fb5e5c9c49,8.420
Pool,50,4,3,d9bfc123449f,8.416
Pool,50,4,3,1998ea827d36,16.802
Pool,50,4,3,6486a66c3358,16.810
P2P,50,4,3,83d03b21ce01,4.668
P2P,50,4,3,fdd29a03e2f0,4.706
P2P,50,4,3,30fab4c6eb41,4.741
P2P,50,4,3,96ce42d21422,4.713
Sequencial,50,8,3,4eae5e090575,4.229
Sequencial,50,8,3,f74e4b5eff2c,8.422
Sequencial,50,8,3,897789c0bc83,12.623
Sequencial,50,8,3,cec97ba3fc9b,16.808
Sequencial,50,8,3,8d750abba0b4,21.004
Sequencial,50,8,3,75058c63910e,25.198
Sequencial,50,8,3,1fbc884ec582,29.399
Sequencial,50,8,3,3c7b6ab27418,33.587
Threads,50,8,3,69a93d54144a,33.520
Threads,50,8,3,157adbc99c1d,33.544
Threads,50,8,3,85a2d5c1f5a7,33.567
Threads,50,8,3,aa47cb4d5a48,33.568
Threads,50,8,3,3baf02369498,33.578
Threads,50,8,3,b493dc56c327,33.580
Threads,50,8,3,61358d9b4106,33.591
Threads,50,8,3,781213b894b5,33.597
Pool,50,8,3,d8eba1831177,8.417
Pool,50,8,3,c7e13c148f2e,8.448
Pool,50,8,3,88fd850d3c72,16.803
Pool,50,8,3,3a9e68da8296,16.824
Pool,50,8,3,3c105fc509cb,25.185
Pool,50,8,3,3afdda51ea7d,25.218
Pool,50,8,3,4b20a332f5b8,33.569
Pool,50,8,3,cb8734d2e349,33.593
P2P,50,8,3,67e1d97e5dff,5.462
P2P,50,8,3,33768ff0565d,5.486
P2P,50,8,3,6811f8fc5faa,5.395
P2P,50,8,3,470e0ee01cb2,5.452
P2P,50,8,3,7d84a9c7b874,5.450
P2P,50,8,3,0709f72fb477,5.451
P2P,50,8,3,0e5a3fd05b04,5.408
P2P,50,8,3,0ee8ebdf07d9,5.376
Sequencial,500,1,3,6a6503951c6e,41.971
Threads,500,1,3,e148c52e15cc,41.974
Pool,500,1,3,e272dd30ea37,41.971
P2P,500,1,3,9da649d6812d,42.165
Sequencial,500,2,3,9df0367d7331,41.978
Sequencial,500,2,3,d79aa2b04aed,83.923
Threads,500,2,3,6153ae77f22c,83.905
Threads,500,2,3,4a6048f8e8d5,83.917
Pool,500,2,3,d4de9ea234cc,83.894
Pool,500,2,3,e54178f2dad3,83.906
P2P,500,2,3,43635e17e918,55.221
P2P,500,2,3,822f55cd28a3,55.230
Sequencial,500,4,3,e06014ada433,41.994
Sequencial,500,4,3,2341c187d6de,83.927
Sequencial,500,4,3,f4a3fc28a669,125.873
Sequencial,500,4,3,fec18853293d,167.813
Threads,500,4,3,89c132d171bf,167.821
Threads,500,4,3,70adb9a1105a,167.828
Threads,500,4,3,dfa569c8eae3,167.823
Threads,500,4,3,2f66cb7c0171,167.829
Pool,500,4,3,afe0a4f05136,83.951
Pool,500,4,3,85c9b97cf81e,83.956
Pool,500,4,3,9171022ee45b,167.834
Pool,500,4,3,266737fa6539,167.846
P2P,500,4,3,e4d4f158ae23,76.591
P2P,500,4,3,0a518a984d61,76.597
P2P,500,4,3,7274d52a9314,76.551
P2P,500,4,3,154e0678eb6d,76.548
Sequencial,500,8,3,7c269300f76f,42.001
Sequencial,500,8,3,8da2c364d1ea,83.940
Sequencial,500,8,3,f5159a2924f7,125.884
Sequencial,500,8,3,96560472868f,167.826
Sequencial,500,8,3,21ff916b540a,209.769
Sequencial,500,8,3,ac129ae9c8ad,251.712
Sequencial,500,8,3,d78e796f40db,293.656
Sequencial,500,8,3,c0a8922a301b,335.595
Threads,500,8,3,338c7ee4eb3b,335.565
Threads,500,8,3,6cad9011b052,335.568
Threads,500,8,3,f8ff1037e582,335.555
Threads,500,8,3,4aeaa29cfd31,335.558
Threads,500,8,3,3a1bb09dff44,335.580
Threads,500,8,3,081613c1b476,335.580
Threads,500,8,3,8c9505549c4d,335.596
Threads,500,8,3,743e2937502f,335.583
Pool,500,8,3,b5625f4aa289,83.953
Pool,500,8,3,e869d28e83e3,83.953
Pool,500,8,3,91dbf186b720,167.827
Pool,500,8,3,3cf2328219eb,167.857
Pool,500,8,3,dff84ce5cc74,251.705
Pool,500,8,3,0ae319977ae5,251.741
Pool,500,8,3,10ccc144e12e,335.567
Pool,500,8,3,70d50345a8ed,335.610
P2P,500,8,3,e745311cfb4e,168.971
P2P,500,8,3,1686c64ae6c7,168.975
P2P,500,8,3,a79bfe6bd92d,169.019
P2P,500,8,3,4b75412fe135,168.990
P2P,500,8,3,a8519d934793,169.020
P2P,500,8,3,623df52d60e2,169.029
P2P,500,8,3,73976a9ea5c9,169.156
P2P,500,8,3,b37abc785aff,169.042
